input,output,t_cpu_ms,t_cuda_ms
784.000000,10.000000,0.157858,0.639035
