input,output,t_cpu_ms,t_cuda_ms
128.000000,10.000000,0.027368,0.057809
